{
    "ret": 0.8373668216918161,
    "mtx": [
        [
            336.85739769502004,
            0.0,
            346.653115949821
        ],
        [
            0.0,
            337.02239807238635,
            240.49008417138768
        ],
        [
            0.0,
            0.0,
            1.0
        ]
    ],
    "dist": [
        [
            -0.365675364463409,
            0.1797234964851962,
            0.0007363136919867017,
            0.0015540811279237468,
            -0.04557861356287689
        ]
    ],
    "rvecs": [
        [
            [
                -0.7314790928456957
            ],
            [
                0.42433190109316166
            ],
            [
                2.981068926870785
            ]
        ],
        [
            [
                0.6290180590437544
            ],
            [
                -0.07416415572577216
            ],
            [
                3.0350853929687656
            ]
        ],
        [
            [
                1.0212468091666895
            ],
            [
                -0.09613208165268652
            ],
            [
                2.78090898524933
            ]
        ],
        [
            [
                0.8511022157867542
            ],
            [
                -0.34541791308995956
            ],
            [
                3.000550512906172
            ]
        ],
        [
            [
                0.03231780631494991
            ],
            [
                -1.3723278542550739
            ],
            [
                2.8215201612844267
            ]
        ],
        [
            [
                0.02106301409316837
            ],
            [
                -0.8751527544946025
            ],
            [
                2.983993555109013
            ]
        ],
        [
            [
                0.11255487456419368
            ],
            [
                -1.1288038650947556
            ],
            [
                -2.848410107455016
            ]
        ],
        [
            [
                1.0610406012326883
            ],
            [
                -0.847881839783414
            ],
            [
                -2.6415697065568753
            ]
        ],
        [
            [
                0.04144481050485731
            ],
            [
                -0.09094843549635763
            ],
            [
                3.014937568793632
            ]
        ],
        [
            [
                0.9829624262840024
            ],
            [
                0.4016943636035867
            ],
            [
                2.922156009841647
            ]
        ],
        [
            [
                1.2751147255261046
            ],
            [
                -0.6474519946992281
            ],
            [
                2.7991579516962193
            ]
        ],
        [
            [
                0.06655095141727678
            ],
            [
                0.3259279339130921
            ],
            [
                3.088143940270262
            ]
        ],
        [
            [
                1.1153515918722388
            ],
            [
                0.02360177146710602
            ],
            [
                -2.818985795207589
            ]
        ],
        [
            [
                0.16449672773490448
            ],
            [
                0.04668338564397507
            ],
            [
                -3.0985149432960335
            ]
        ],
        [
            [
                0.34396321365756866
            ],
            [
                -0.3015914160468462
            ],
            [
                3.1054632908960054
            ]
        ],
        [
            [
                0.3171255144222336
            ],
            [
                -0.33177989249380396
            ],
            [
                -3.061966013354839
            ]
        ],
        [
            [
                1.013897547611164
            ],
            [
                -0.27877012896083414
            ],
            [
                -2.8338337497825634
            ]
        ],
        [
            [
                -0.5398115814766001
            ],
            [
                -0.787949706610224
            ],
            [
                2.49022386525518
            ]
        ],
        [
            [
                0.14861480888860043
            ],
            [
                -0.6674866178079741
            ],
            [
                2.0497146196501412
            ]
        ],
        [
            [
                0.23279773584715374
            ],
            [
                -0.5399906636072236
            ],
            [
                1.7837846071547394
            ]
        ],
        [
            [
                -0.052882177366283596
            ],
            [
                -0.08950363809186072
            ],
            [
                -3.0916022423694116
            ]
        ],
        [
            [
                0.007159495804233145
            ],
            [
                -0.11650104587648362
            ],
            [
                -3.075665728567063
            ]
        ],
        [
            [
                -0.4185773025223209
            ],
            [
                -1.075807656449368
            ],
            [
                2.854742482190869
            ]
        ],
        [
            [
                -0.4390168356244775
            ],
            [
                -1.072075923080824
            ],
            [
                2.8789394641361685
            ]
        ],
        [
            [
                0.6560820424168213
            ],
            [
                0.8180775406573925
            ],
            [
                -2.811723503635277
            ]
        ],
        [
            [
                0.9822277434318524
            ],
            [
                0.6213377218970573
            ],
            [
                -2.6994812144880167
            ]
        ],
        [
            [
                0.25120164947442225
            ],
            [
                -0.1492474331629439
            ],
            [
                -2.983060438471291
            ]
        ]
    ],